campaign_id,advertiser_id,is_rct,objective,vertical,audience_type,funnel_stage,conversion_optimization,custom_audience,advertiser_platform_experience_months,creative_format,placement,bid_strategy,market,spend_tier,platform,start_date,end_date,duration_days,test_users,control_users,exposed_test_users,test_conversions,control_conversions,cost,clicks,impressions,conversions,lcc_1h,lcc_1d,lcc_7d,lcc_28d,view_through_conversions,avg_dwell_time
RCT-0000,ADV-0000,1,conversions,media,lookalike,mid,yes,yes,42,video,feed,cost_cap,US,medium,meta,2026-05-15,2026-06-19,35,1299625,1229244,1212511,33486,28930,222768.15,44762,4380199,33486,2034,2378,5033,14900,3159,15.27
RCT-0001,ADV-0000,1,conversions,finance,retargeting,lower,no,no,32,image,feed,cost_cap,DE,low,tiktok,2026-05-15,2026-06-05,21,2954142,3076193,2520146,56353,50191,82586.46,74417,10340364,56353,3156,5584,15967,14914,3020,16.97
RCT-0002,ADV-0000,1,conversions,media,prospecting,upper,no,yes,57,video,reels,bid_cap,DE,high,tiktok,2026-05-15,2026-05-29,14,2809868,2820783,2477771,69983,62331,207261.07,88330,11012558,69983,5509,5255,12626,31461,4468,13.06
RCT-0003,ADV-0000,1,conversions,media,lookalike,mid,no,yes,19,carousel,story,cost_cap,DE,medium,google,2026-05-15,2026-06-05,21,2808622,3065521,2080295,57381,56144,17180.07,84025,5806095,57381,2146,5495,15055,17765,4436,17.47
RCT-0004,ADV-0000,1,conversions,media,prospecting,upper,yes,no,12,image,feed,lowest_cost,US,medium,google,2026-03-15,2026-03-29,14,1885616,1858983,1768413,55827,49422,127599.37,49775,6925321,55827,3160,3901,6931,11788,3557,7.76
RCT-0005,ADV-0001,1,conversions,travel,prospecting,lower,yes,no,8,image,reels,lowest_cost,UK,high,tiktok,2026-02-15,2026-03-22,35,2298417,2060365,1631197,57453,45720,238234.86,57991,6391471,57453,1661,7508,10065,25262,2938,5.03
RCT-0006,ADV-0001,1,conversions,finance,retargeting,mid,no,yes,12,carousel,reels,lowest_cost,DE,high,tiktok,2026-04-15,2026-05-13,28,2255498,2354473,2091050,66178,54131,126865.74,53600,5563530,66178,4146,6931,7069,23943,2241,13.08
RCT-0007,ADV-0001,1,conversions,travel,lookalike,upper,yes,yes,27,image,story,bid_cap,DE,low,tiktok,2026-05-15,2026-06-05,21,1002112,987627,865973,20305,17600,221286.97,19187,2693809,20305,727,2025,5199,6171,1165,8.56
RCT-0008,ADV-0001,1,conversions,ecommerce,retargeting,mid,no,no,37,carousel,feed,lowest_cost,ID,low,tiktok,2026-02-15,2026-03-08,21,2821875,2774960,2213868,68561,55173,37223.02,75795,8873850,68561,3585,4180,16674,23238,4486,7.0
RCT-0009,ADV-0001,1,conversions,ecommerce,lookalike,upper,no,yes,44,carousel,feed,bid_cap,ID,medium,google,2026-02-15,2026-03-22,35,2036061,2074439,1699311,39889,36146,37661.22,71509,5257256,39889,1550,3034,4490,12082,3663,14.87
RCT-0010,ADV-0002,1,conversions,media,lookalike,lower,yes,no,23,carousel,feed,bid_cap,DE,medium,google,2026-03-15,2026-04-12,28,2538657,2893129,1574117,52861,49603,37059.48,92285,8562704,52861,3788,6245,15051,15713,5062,8.99
RCT-0011,ADV-0002,1,conversions,media,prospecting,lower,yes,no,15,carousel,feed,bid_cap,US,low,google,2026-03-15,2026-03-29,14,2631826,2930604,1838332,57812,56766,195750.39,36004,5460084,57812,2968,6341,17035,15930,3120,5.77
RCT-0012,ADV-0002,1,conversions,media,prospecting,upper,yes,yes,4,image,reels,cost_cap,DE,medium,tiktok,2026-05-15,2026-05-29,14,2541886,2453509,1738032,58595,45853,44423.89,35992,8270167,58595,1486,3980,6304,24406,5033,15.48
RCT-0013,ADV-0002,1,conversions,ecommerce,retargeting,lower,yes,no,48,image,feed,bid_cap,ID,medium,meta,2026-04-15,2026-05-06,21,2229053,2317996,1926093,48615,44089,17681.19,47349,6505570,48615,2306,6375,13583,17907,2186,6.22
RCT-0014,ADV-0002,1,conversions,travel,retargeting,mid,no,no,11,carousel,reels,lowest_cost,US,high,meta,2026-01-15,2026-02-19,35,2521922,2259979,2302084,74157,59406,211239.11,89513,8552343,74157,2847,4038,13248,24823,7244,15.37
RCT-0015,ADV-0003,1,conversions,travel,retargeting,mid,no,no,25,video,story,lowest_cost,US,high,google,2026-01-15,2026-02-12,28,1462884,1667026,931451,28822,27408,143660.23,35694,4162352,28822,1980,4041,8525,12946,970,11.23
RCT-0016,ADV-0003,1,conversions,ecommerce,prospecting,mid,yes,yes,41,carousel,feed,lowest_cost,US,medium,tiktok,2026-03-15,2026-03-29,14,1553393,1467026,1010732,28490,21426,171910.14,20538,5707710,28490,694,2172,4566,6535,1651,10.98
RCT-0017,ADV-0003,1,conversions,media,prospecting,mid,yes,yes,23,image,reels,bid_cap,ID,medium,google,2026-01-15,2026-01-29,14,2976618,2750716,2159646,82700,69429,96102.95,88439,8889337,82700,3210,5759,15928,34432,7739,14.62
RCT-0018,ADV-0003,1,conversions,finance,prospecting,upper,no,no,56,image,story,lowest_cost,ID,low,tiktok,2026-04-15,2026-05-06,21,2268444,2206991,1998802,51220,39946,189611.9,88849,7083442,51220,1403,4064,9814,15381,1113,14.03
RCT-0019,ADV-0003,1,conversions,finance,lookalike,mid,yes,no,49,video,feed,cost_cap,ID,low,tiktok,2026-04-15,2026-05-06,21,2518239,2394974,2109557,73217,63170,214128.74,68920,8117351,73217,5123,9533,19788,23482,1533,14.6
RCT-0020,ADV-0004,1,conversions,finance,retargeting,lower,yes,yes,9,video,story,lowest_cost,DE,low,google,2026-05-15,2026-06-12,28,1306840,1369833,1214968,28645,26698,200825.02,39459,4457672,28645,717,2626,5853,9947,878,4.4
RCT-0021,ADV-0004,1,conversions,finance,prospecting,mid,no,no,34,image,story,lowest_cost,DE,low,meta,2026-03-15,2026-04-19,35,2559660,2209866,2028738,61844,43375,236718.85,62507,6993950,61844,4340,5974,10730,20289,4859,8.26
RCT-0022,ADV-0004,1,conversions,ecommerce,lookalike,lower,no,no,23,carousel,story,cost_cap,UK,low,google,2026-04-15,2026-05-13,28,1027279,1124338,926633,27439,26138,134605.87,36884,2412765,27439,972,3971,7526,9058,1389,5.49
RCT-0023,ADV-0004,1,conversions,media,retargeting,lower,no,no,44,image,reels,bid_cap,UK,low,google,2026-03-15,2026-04-05,21,1701119,1460687,1164098,39377,30422,44724.11,45146,6735582,39377,2509,2485,10363,14342,979,13.33
RCT-0024,ADV-0004,1,conversions,media,retargeting,upper,yes,yes,46,video,story,bid_cap,DE,high,meta,2026-02-15,2026-03-15,28,944803,882550,665868,26299,19640,241329.02,17969,2861954,26299,1927,1556,6208,7934,2419,6.04
RCT-0025,ADV-0005,1,conversions,ecommerce,retargeting,lower,yes,yes,30,carousel,story,lowest_cost,UK,low,meta,2026-03-15,2026-04-12,28,2931704,2527368,1766784,56100,41691,180590.94,87507,8763202,56100,2375,5811,15375,21333,3183,9.08
RCT-0026,ADV-0005,1,conversions,travel,retargeting,upper,no,yes,10,video,feed,bid_cap,DE,low,tiktok,2026-02-15,2026-03-01,14,1677369,1913088,1375897,39058,40659,157553.05,18308,6612167,39058,2300,5521,10072,10615,1922,4.13
RCT-0027,ADV-0005,1,conversions,travel,prospecting,mid,no,yes,47,carousel,reels,cost_cap,ID,high,meta,2026-05-15,2026-06-05,21,2985305,2949664,2076518,66423,60239,40253.76,71138,8036095,66423,4620,6810,13687,14917,2795,4.52
RCT-0028,ADV-0005,1,conversions,media,lookalike,upper,yes,no,11,video,feed,cost_cap,US,low,google,2026-05-15,2026-06-19,35,975629,849846,900404,24168,17559,166685.23,34941,1986840,24168,550,3554,6054,7980,1899,15.99
RCT-0029,ADV-0005,1,conversions,travel,lookalike,mid,no,yes,34,video,reels,lowest_cost,DE,low,meta,2026-04-15,2026-05-06,21,2204728,2348412,1559760,52140,45825,225713.17,60963,7013469,52140,2553,2692,15073,15442,1184,10.52
RCT-0030,ADV-0006,1,conversions,travel,lookalike,upper,no,yes,40,video,reels,lowest_cost,DE,medium,meta,2026-03-15,2026-03-29,14,1388410,1302886,1251240,30220,25165,217953.67,47278,5012706,30220,1358,4461,4498,6430,2421,6.37
RCT-0031,ADV-0006,1,conversions,ecommerce,prospecting,lower,no,yes,60,video,reels,bid_cap,DE,low,tiktok,2026-04-15,2026-04-29,14,1917317,2154394,1207129,38368,39129,66359.79,24412,6334309,38368,1409,1946,8577,8091,3605,5.0
RCT-0032,ADV-0006,1,conversions,media,prospecting,upper,yes,yes,3,image,story,bid_cap,US,medium,google,2026-02-15,2026-03-15,28,1502949,1524345,1173566,36796,31697,27507.42,43098,3521628,36796,1099,2573,9245,11037,3631,13.18
RCT-0033,ADV-0006,1,conversions,travel,lookalike,mid,yes,no,38,video,feed,lowest_cost,DE,low,google,2026-04-15,2026-05-06,21,2763393,2425498,1991067,74539,52225,235964.05,68920,7840460,74539,4025,7545,12760,28745,5016,13.1
RCT-0034,ADV-0006,1,conversions,ecommerce,retargeting,mid,yes,no,40,video,feed,bid_cap,DE,low,google,2026-03-15,2026-04-05,21,1798217,1590836,1631314,52724,40265,150419.12,69474,6950999,52724,2566,2992,5314,17497,1677,17.16
RCT-0035,ADV-0007,1,conversions,travel,prospecting,mid,yes,no,20,image,story,bid_cap,ID,medium,tiktok,2026-01-15,2026-01-29,14,885100,870312,622598,17530,14974,16177.05,28490,2496763,17530,662,1425,2342,6189,393,6.99
RCT-0036,ADV-0007,1,conversions,travel,prospecting,upper,no,no,16,carousel,reels,cost_cap,DE,high,tiktok,2026-01-15,2026-02-05,21,2035081,2164860,1762341,46482,44574,171202.52,41574,7823603,46482,1606,4688,4996,16514,1656,6.38
RCT-0037,ADV-0007,1,conversions,finance,lookalike,mid,no,yes,47,carousel,reels,bid_cap,ID,high,google,2026-01-15,2026-02-12,28,2605687,2738685,1677443,77755,71026,175015.75,65613,9545564,77755,3191,6916,11205,23740,4225,12.72
RCT-0038,ADV-0007,1,conversions,travel,retargeting,upper,no,no,33,video,story,bid_cap,UK,medium,meta,2026-01-15,2026-01-29,14,2327591,2574879,2048562,57516,52995,217944.19,61356,9225812,57516,1553,5162,11012,16492,3524,16.34
RCT-0039,ADV-0007,1,conversions,media,lookalike,mid,yes,yes,55,video,reels,cost_cap,ID,high,meta,2026-02-15,2026-03-15,28,1212992,1182556,864158,34897,26997,30585.24,16664,3266421,34897,1010,3371,9455,7847,3484,15.14
RCT-0040,ADV-0008,1,conversions,media,retargeting,mid,no,no,50,video,feed,cost_cap,UK,medium,google,2026-04-15,2026-04-29,14,2576640,2772660,1664069,47016,42747,220951.28,31075,8826920,47016,2418,4347,7993,11388,4162,12.44
RCT-0041,ADV-0008,1,conversions,ecommerce,lookalike,lower,no,no,30,carousel,reels,cost_cap,UK,high,google,2026-04-15,2026-04-29,14,2089882,1938236,1840216,57326,46642,100750.29,53736,6384878,57326,2016,6050,8618,18058,3042,15.93
RCT-0042,ADV-0008,1,conversions,finance,retargeting,lower,yes,yes,15,carousel,reels,cost_cap,ID,high,google,2026-03-15,2026-04-12,28,1893039,1727169,1753595,50608,38871,99088.16,25903,5059864,50608,2976,5628,11222,18669,4962,16.17
RCT-0043,ADV-0008,1,conversions,finance,prospecting,mid,yes,no,29,image,feed,bid_cap,US,high,tiktok,2026-04-15,2026-05-13,28,2606004,2805888,1976684,57053,51161,18395.48,68306,8050952,57053,1328,7243,10631,16886,5314,17.34
RCT-0044,ADV-0008,1,conversions,ecommerce,prospecting,upper,yes,no,17,video,reels,lowest_cost,US,low,google,2026-01-15,2026-02-19,35,1879464,1598802,1271267,35587,24361,181552.84,68096,6467951,35587,790,3348,9494,13663,2865,16.07
RCT-0045,ADV-0009,1,conversions,travel,prospecting,lower,yes,no,48,video,feed,cost_cap,DE,medium,tiktok,2026-03-15,2026-04-19,35,2515276,2833905,1999294,70467,66830,233735.95,73112,5769689,70467,1412,9007,8378,16362,2489,17.49
RCT-0046,ADV-0009,1,conversions,travel,prospecting,mid,yes,no,28,video,feed,cost_cap,US,medium,google,2026-01-15,2026-01-29,14,2737753,2757352,1787097,59837,53444,177085.4,45352,7338178,59837,1530,6217,7314,20098,4498,10.5
RCT-0047,ADV-0009,1,conversions,finance,lookalike,lower,no,no,15,video,feed,cost_cap,DE,low,google,2026-04-15,2026-04-29,14,2258448,2452587,2042318,45281,39692,74229.2,62914,7331873,45281,1685,6707,9367,20252,2155,17.1
RCT-0048,ADV-0009,1,conversions,finance,retargeting,mid,no,yes,33,image,story,cost_cap,UK,high,meta,2026-02-15,2026-03-01,14,1957847,1942426,1806395,56788,45144,121756.53,73965,5055505,56788,2617,7814,13108,24662,1187,17.78
RCT-0049,ADV-0009,1,conversions,travel,retargeting,mid,no,no,47,image,feed,bid_cap,ID,medium,meta,2026-03-15,2026-04-19,35,1647506,1414084,1473335,31509,22984,137397.28,43245,4131971,31509,1828,2660,5687,13076,834,13.07
RCT-0050,ADV-0010,1,conversions,ecommerce,lookalike,lower,no,yes,19,video,feed,cost_cap,UK,high,meta,2026-04-15,2026-05-20,35,887209,869478,822152,16526,13990,126016.85,16278,2153042,16526,1277,841,1779,7316,958,6.42
RCT-0051,ADV-0010,1,conversions,media,retargeting,upper,no,no,57,image,feed,bid_cap,DE,medium,tiktok,2026-04-15,2026-05-20,35,1354768,1482605,1145335,29288,26381,116237.6,53314,3356511,29288,2144,3632,7524,9884,2590,14.36
RCT-0052,ADV-0010,1,conversions,media,retargeting,mid,no,yes,43,video,story,cost_cap,ID,high,meta,2026-04-15,2026-05-20,35,1582780,1382979,1047062,42199,29924,87561.82,51954,5979045,42199,2138,5252,7755,9702,3159,5.67
RCT-0053,ADV-0010,1,conversions,finance,retargeting,lower,no,yes,39,image,story,cost_cap,DE,high,google,2026-03-15,2026-04-05,21,1031352,1038027,665559,30301,27246,229785.79,41087,2216100,30301,1605,2320,4644,6120,1553,5.3
RCT-0054,ADV-0010,1,conversions,finance,lookalike,upper,yes,yes,34,video,feed,bid_cap,US,medium,meta,2026-01-15,2026-01-29,14,2352951,2285096,1871793,42568,35481,31335.24,37559,8487467,42568,1249,2983,6120,12486,963,4.51
RCT-0055,ADV-0011,1,conversions,ecommerce,prospecting,mid,yes,no,8,video,feed,lowest_cost,US,low,google,2026-01-15,2026-02-19,35,2912006,2892307,2454398,76681,60434,113819.6,50111,6050757,76681,5442,3877,10829,33543,3431,9.46
RCT-0056,ADV-0011,1,conversions,ecommerce,retargeting,mid,no,yes,35,carousel,feed,lowest_cost,DE,medium,meta,2026-01-15,2026-02-05,21,2658534,3028690,2410026,63566,59904,97597.07,95614,9500247,63566,3573,4279,15391,15407,4295,11.12
RCT-0057,ADV-0011,1,conversions,finance,lookalike,upper,yes,yes,21,image,feed,bid_cap,DE,medium,tiktok,2026-01-15,2026-02-19,35,1598073,1452637,993193,31237,24082,217305.07,31035,4937700,31237,1213,2883,9171,8042,1448,9.53
RCT-0058,ADV-0011,1,conversions,ecommerce,retargeting,mid,yes,no,60,carousel,reels,bid_cap,UK,medium,tiktok,2026-03-15,2026-04-05,21,2540235,2758432,1984870,75823,73600,151716.75,42486,10092170,75823,6051,6790,9879,30553,4989,17.91
RCT-0059,ADV-0011,1,conversions,ecommerce,lookalike,mid,yes,no,13,carousel,feed,cost_cap,US,high,google,2026-02-15,2026-03-08,21,1529090,1306531,1308532,40644,27740,184421.49,44361,4173871,40644,1744,5596,9325,13640,2506,13.39
RCT-0060,ADV-0012,1,conversions,travel,lookalike,lower,yes,no,58,video,story,bid_cap,ID,high,tiktok,2026-02-15,2026-03-01,14,2686308,2292213,1726622,52237,40446,27819.98,85645,6418085,52237,3067,5359,13835,12278,2999,13.73
RCT-0061,ADV-0012,1,conversions,finance,prospecting,upper,no,yes,4,video,feed,lowest_cost,DE,high,google,2026-05-15,2026-06-05,21,2944793,2621043,2476291,73789,57009,56090.38,64131,11197948,73789,2381,5323,14620,29082,6617,16.04
RCT-0062,ADV-0012,1,conversions,travel,lookalike,mid,yes,no,7,carousel,feed,lowest_cost,ID,low,meta,2026-04-15,2026-04-29,14,942629,819821,852295,25407,17604,186676.81,27238,2022329,25407,1024,2203,5561,8614,1334,11.64
RCT-0063,ADV-0012,1,conversions,travel,prospecting,upper,yes,yes,25,video,feed,cost_cap,US,low,tiktok,2026-02-15,2026-03-01,14,1241872,1176591,839757,28119,20936,230779.81,32230,2824507,28119,1661,3714,7354,12553,1212,11.94
RCT-0064,ADV-0012,1,conversions,ecommerce,lookalike,upper,yes,yes,16,carousel,reels,bid_cap,DE,low,tiktok,2026-02-15,2026-03-15,28,1358914,1485823,1286724,31027,29484,209142.73,45921,5269664,31027,1611,3057,3388,11737,1513,16.73
RCT-0065,ADV-0013,1,conversions,finance,retargeting,lower,yes,no,22,image,reels,bid_cap,DE,medium,tiktok,2026-04-15,2026-05-20,35,2000377,2206272,1564022,43808,42283,75150.66,22374,7321762,43808,3295,4236,6342,11253,3414,13.26
RCT-0066,ADV-0013,1,conversions,media,prospecting,lower,yes,yes,16,carousel,story,bid_cap,UK,medium,google,2026-03-15,2026-03-29,14,2228294,1908198,1785043,49855,36011,149145.87,78716,6527247,49855,1027,6265,10971,13477,2139,15.6
RCT-0067,ADV-0013,1,conversions,media,prospecting,lower,yes,no,24,image,reels,bid_cap,DE,medium,meta,2026-02-15,2026-03-08,21,2079908,2271253,1280579,43529,38265,88643.8,46322,5416276,43529,1022,4623,5875,15903,3969,12.02
RCT-0068,ADV-0013,1,conversions,media,retargeting,upper,yes,yes,52,carousel,reels,bid_cap,DE,medium,google,2026-02-15,2026-03-15,28,1516902,1656132,928134,38699,38195,111307.87,16188,3567953,38699,1956,2429,10497,15990,826,5.22
RCT-0069,ADV-0013,1,conversions,travel,retargeting,lower,no,yes,20,image,feed,lowest_cost,DE,medium,tiktok,2026-05-15,2026-06-19,35,2579814,2935201,1678615,65561,60909,58780.08,58691,9305035,65561,2378,4363,9279,20190,3800,10.15
RCT-0070,ADV-0014,1,conversions,media,lookalike,lower,no,no,11,carousel,story,lowest_cost,US,high,google,2026-03-15,2026-04-12,28,1463892,1281497,925325,32891,26306,216829.75,39911,5263082,32891,1084,1883,8086,12379,2000,17.23
RCT-0071,ADV-0014,1,conversions,finance,lookalike,mid,yes,no,45,video,reels,lowest_cost,ID,low,google,2026-02-15,2026-03-01,14,1459063,1667922,960401,40887,37897,59306.16,22514,4350707,40887,1237,3619,6715,13993,1437,5.37
RCT-0072,ADV-0014,1,conversions,ecommerce,retargeting,upper,no,no,42,image,story,lowest_cost,DE,medium,google,2026-03-15,2026-04-12,28,2495328,2283595,1782132,57788,47149,181356.33,64865,6633094,57788,3799,3155,11076,15435,3566,5.61
RCT-0073,ADV-0014,1,conversions,ecommerce,prospecting,lower,yes,yes,60,image,reels,bid_cap,US,high,tiktok,2026-04-15,2026-05-13,28,1992405,2018299,1873192,38528,34827,30035.5,69464,7086339,38528,2919,3548,10934,7853,962,12.06
RCT-0074,ADV-0014,1,conversions,media,prospecting,lower,yes,yes,51,video,feed,bid_cap,UK,medium,tiktok,2026-03-15,2026-03-29,14,2215023,2356031,2062017,64823,56760,30177.73,60130,7734645,64823,4616,7197,17332,28319,5662,11.7
RCT-0075,ADV-0015,1,conversions,travel,retargeting,mid,yes,yes,44,image,reels,bid_cap,DE,high,tiktok,2026-03-15,2026-03-29,14,2914099,3022492,2665858,54520,48745,92826.14,103814,6388270,54520,2806,7599,8598,14565,2414,16.61
RCT-0076,ADV-0015,1,conversions,finance,prospecting,lower,yes,no,14,carousel,story,cost_cap,DE,low,google,2026-03-15,2026-04-12,28,2931994,2502365,2356669,87409,63426,187183.8,100021,8335766,87409,2872,4623,14758,19260,4344,15.09
RCT-0077,ADV-0015,1,conversions,travel,retargeting,upper,no,yes,20,video,reels,lowest_cost,DE,medium,tiktok,2026-03-15,2026-03-29,14,896295,872145,757613,17829,15107,166610.38,21093,2484315,17829,1077,2286,3634,5367,1165,11.53
RCT-0078,ADV-0015,1,conversions,ecommerce,prospecting,lower,no,no,17,video,story,lowest_cost,ID,medium,google,2026-03-15,2026-04-05,21,2093179,2244599,1885258,44500,40692,209162.95,46248,7366958,44500,2254,5471,12684,12792,2450,5.58
RCT-0079,ADV-0015,1,conversions,travel,lookalike,mid,no,yes,45,image,reels,lowest_cost,UK,high,tiktok,2026-01-15,2026-02-05,21,2880211,2573817,2423590,75944,56731,33258.27,105766,8443954,75944,4321,8936,15714,30961,3820,11.18
RCT-0080,ADV-0016,1,conversions,finance,prospecting,mid,no,no,30,video,reels,cost_cap,ID,medium,google,2026-05-15,2026-06-19,35,2946070,2728349,2360436,87038,71599,43214.39,76235,11265161,87038,5534,10136,20514,32745,6615,9.75
RCT-0081,ADV-0016,1,conversions,finance,lookalike,mid,yes,no,31,image,reels,lowest_cost,DE,high,tiktok,2026-03-15,2026-04-05,21,1046784,1059564,893153,25150,20526,107067.63,11789,2511964,25150,522,2682,4743,10270,1744,6.86
RCT-0082,ADV-0016,1,conversions,finance,prospecting,lower,yes,yes,10,image,reels,bid_cap,UK,high,meta,2026-03-15,2026-04-12,28,2170123,2141678,1325859,52890,44186,130536.66,69857,8675814,52890,1663,5003,15383,22110,2244,14.75
RCT-0083,ADV-0016,1,conversions,media,prospecting,mid,no,no,7,image,story,lowest_cost,UK,low,meta,2026-02-15,2026-03-22,35,1953146,1784160,1759589,37936,29820,132247.65,29218,6858970,37936,1601,5636,10937,16093,3459,10.83
RCT-0084,ADV-0016,1,conversions,ecommerce,lookalike,mid,no,yes,36,video,story,lowest_cost,US,medium,meta,2026-02-15,2026-03-15,28,1282102,1176855,1096093,27240,22565,201613.28,20392,4042326,27240,1984,2756,6882,11706,765,8.06
RCT-0085,ADV-0017,1,conversions,media,prospecting,upper,no,yes,11,image,reels,lowest_cost,US,high,google,2026-05-15,2026-06-12,28,2200637,2396988,1537930,59510,53211,198644.6,41685,5029482,59510,2507,3388,15734,22038,5404,9.43
RCT-0086,ADV-0017,1,conversions,media,retargeting,upper,no,yes,37,image,story,bid_cap,ID,medium,meta,2026-02-15,2026-03-01,14,2450785,2748402,2005832,73498,70535,99254.67,48291,5358988,73498,5077,7430,8099,32678,5161,10.34
RCT-0087,ADV-0017,1,conversions,finance,lookalike,lower,yes,yes,51,video,feed,cost_cap,ID,medium,google,2026-02-15,2026-03-08,21,2109129,2313909,1506642,47198,42767,194995.85,71995,6409375,47198,2422,3397,9464,12595,945,17.89
RCT-0088,ADV-0017,1,conversions,finance,prospecting,lower,yes,no,21,image,story,cost_cap,ID,low,google,2026-02-15,2026-03-15,28,812499,859690,520017,20641,17472,118678.43,31523,2542492,20641,1527,2693,5669,7331,726,12.52
RCT-0089,ADV-0017,1,conversions,ecommerce,lookalike,upper,no,yes,3,carousel,feed,cost_cap,ID,low,tiktok,2026-04-15,2026-05-06,21,1495580,1538950,1392572,36613,31833,193228.84,37861,3936098,36613,1878,3320,6062,14238,3594,15.26
RCT-0090,ADV-0018,1,conversions,media,prospecting,lower,yes,no,5,carousel,reels,cost_cap,UK,low,google,2026-03-15,2026-04-05,21,1713161,1854456,1544141,40567,34953,95275.08,17545,3590622,40567,1746,2663,7846,9448,1699,7.89
RCT-0091,ADV-0018,1,conversions,ecommerce,prospecting,lower,yes,no,13,image,feed,cost_cap,UK,low,tiktok,2026-01-15,2026-02-05,21,1466598,1463774,1379385,33811,28927,17637.71,56491,3233736,33811,1327,4715,6059,12224,1986,10.26
RCT-0092,ADV-0018,1,conversions,finance,lookalike,lower,yes,yes,55,video,reels,bid_cap,US,medium,tiktok,2026-05-15,2026-05-29,14,2304579,2415893,2032387,67981,55796,147091.74,25615,5050093,67981,5235,6446,13580,29579,6197,4.66
RCT-0093,ADV-0018,1,conversions,media,lookalike,upper,no,no,35,carousel,reels,lowest_cost,DE,high,tiktok,2026-05-15,2026-06-19,35,2455783,2526202,2230913,72817,61618,78018.34,76692,8366513,72817,2282,5746,9107,21644,7190,12.08
RCT-0094,ADV-0018,1,conversions,ecommerce,prospecting,mid,no,no,45,video,feed,bid_cap,UK,medium,tiktok,2026-03-15,2026-04-19,35,2388941,2061597,1797787,58711,46169,93531.14,78571,8397475,58711,2660,6863,13924,14518,5690,14.94
RCT-0095,ADV-0019,1,conversions,ecommerce,prospecting,lower,yes,yes,23,image,feed,bid_cap,ID,high,meta,2026-02-15,2026-03-08,21,1877719,1818260,1493856,35873,31128,207453.83,39760,4433196,35873,1610,3601,3741,11676,2887,7.67
RCT-0096,ADV-0019,1,conversions,travel,prospecting,lower,yes,no,25,carousel,story,bid_cap,DE,medium,meta,2026-01-15,2026-02-12,28,1641170,1880471,1355544,31198,29038,192727.87,38060,5752528,31198,864,2855,3371,13610,972,13.19
RCT-0097,ADV-0019,1,conversions,media,lookalike,mid,yes,no,40,carousel,story,lowest_cost,US,medium,tiktok,2026-04-15,2026-05-20,35,1536791,1485577,1432095,35827,29255,113342.0,40544,5498938,35827,1935,4204,10699,7445,3128,6.95
RCT-0098,ADV-0019,1,conversions,finance,prospecting,lower,yes,yes,19,image,feed,bid_cap,ID,high,google,2026-02-15,2026-03-08,21,2774598,2829566,2582511,77432,64794,103196.72,105329,5716326,77432,5308,5114,19992,27206,7385,17.58
RCT-0099,ADV-0019,1,conversions,finance,retargeting,upper,no,yes,33,image,feed,bid_cap,DE,medium,meta,2026-02-15,2026-03-01,14,2073683,1896917,1808671,49655,41082,74231.28,42398,7017204,49655,3603,3919,5437,19757,2778,9.73
RCT-0100,ADV-0020,1,conversions,ecommerce,prospecting,upper,yes,no,47,video,story,bid_cap,UK,low,google,2026-05-15,2026-06-19,35,1162041,1240359,892767,21534,21013,155490.42,27194,3823590,21534,1014,2993,5290,5908,1706,12.02
RCT-0101,ADV-0020,1,conversions,travel,retargeting,lower,no,yes,43,image,feed,cost_cap,US,high,tiktok,2026-02-15,2026-03-15,28,1351240,1370243,1162802,37373,34396,76594.63,30646,2820673,37373,1187,2644,4402,11613,3121,9.68
RCT-0102,ADV-0020,1,conversions,ecommerce,retargeting,mid,yes,yes,18,image,feed,cost_cap,DE,high,tiktok,2026-02-15,2026-03-22,35,1606983,1654976,1406277,36354,34068,38616.97,33730,3333714,36354,1494,2480,8736,11733,2552,15.45
RCT-0103,ADV-0020,1,conversions,ecommerce,lookalike,upper,yes,yes,15,video,feed,bid_cap,UK,low,tiktok,2026-01-15,2026-01-29,14,2703524,3045448,1974040,58630,56440,142515.57,57425,6854608,58630,4438,8060,11718,13579,2280,14.93
RCT-0104,ADV-0020,1,conversions,finance,prospecting,upper,yes,yes,28,video,reels,bid_cap,US,medium,tiktok,2026-01-15,2026-02-05,21,1470290,1638113,1369348,38987,38946,232532.66,53166,3495954,38987,1711,5283,4147,8684,1282,6.56
RCT-0105,ADV-0021,1,conversions,travel,lookalike,upper,yes,no,55,video,story,bid_cap,US,low,tiktok,2026-03-15,2026-04-12,28,1009555,1068647,741246,23359,19797,17404.79,22488,2919523,23359,556,3408,4323,8755,934,5.25
RCT-0106,ADV-0021,1,conversions,travel,retargeting,mid,yes,yes,33,video,story,bid_cap,UK,low,google,2026-01-15,2026-02-05,21,1218652,1080463,1037587,32233,24927,214649.9,17263,3238037,32233,716,1763,6891,12465,1122,7.98
RCT-0107,ADV-0021,1,conversions,travel,retargeting,upper,yes,no,31,carousel,reels,bid_cap,DE,low,google,2026-04-15,2026-05-20,35,1471039,1687760,1333912,30837,31516,89563.84,52131,3896021,30837,714,4190,5312,13776,2779,5.43
RCT-0108,ADV-0021,1,conversions,ecommerce,lookalike,mid,no,no,14,video,story,lowest_cost,US,low,google,2026-01-15,2026-02-12,28,1145431,1241235,851911,27302,23657,163936.05,14918,4081259,27302,735,3878,4881,7272,1311,11.74
RCT-0109,ADV-0021,1,conversions,travel,lookalike,lower,no,yes,43,carousel,story,bid_cap,US,high,meta,2026-05-15,2026-05-29,14,1870687,1945720,1530806,44638,39602,59445.18,51905,5571256,44638,1073,3405,9335,15488,2960,5.78
RCT-0110,ADV-0022,1,conversions,travel,prospecting,lower,yes,yes,39,video,reels,cost_cap,ID,low,meta,2026-03-15,2026-03-29,14,2027047,2238917,1760033,43394,42205,29742.48,22820,6657559,43394,1908,3358,4358,10867,981,10.44
RCT-0111,ADV-0022,1,conversions,media,prospecting,mid,yes,yes,6,video,feed,lowest_cost,DE,medium,meta,2026-02-15,2026-03-08,21,1998712,1758488,1287962,49889,39370,20468.07,22582,7766828,49889,3262,6419,12145,18026,2372,7.02
RCT-0112,ADV-0022,1,conversions,finance,lookalike,lower,no,yes,20,image,feed,bid_cap,UK,high,meta,2026-03-15,2026-04-05,21,1210095,1033322,917678,34826,23711,125041.22,40625,2642175,34826,1897,1847,8289,13234,1886,14.28
RCT-0113,ADV-0022,1,conversions,media,retargeting,upper,yes,no,41,carousel,story,bid_cap,ID,high,tiktok,2026-04-15,2026-04-29,14,957321,994996,613196,22098,18975,63503.68,28685,3257926,22098,1202,1899,2647,7543,1190,7.4
RCT-0114,ADV-0022,1,conversions,finance,prospecting,lower,yes,yes,5,carousel,feed,lowest_cost,UK,medium,tiktok,2026-04-15,2026-05-13,28,1335203,1179365,819961,37141,30037,45148.92,24292,3255460,37141,1079,5185,7036,10616,2201,10.23
RCT-0115,ADV-0023,1,conversions,media,prospecting,lower,yes,yes,15,carousel,story,bid_cap,US,medium,tiktok,2026-05-15,2026-06-12,28,1936191,1805520,1173329,37707,31049,135504.13,25182,4463160,37707,2748,4328,7754,10747,3347,12.8
RCT-0116,ADV-0023,1,conversions,finance,lookalike,lower,no,yes,10,video,feed,cost_cap,US,medium,google,2026-04-15,2026-05-06,21,1056434,972960,773961,22028,18188,83320.97,34634,2972888,22028,940,1848,3690,5201,1022,5.25
RCT-0117,ADV-0023,1,conversions,travel,lookalike,mid,no,yes,15,image,story,bid_cap,ID,high,google,2026-03-15,2026-04-19,35,2644959,2291566,1809108,67713,50476,156055.33,95760,6799828,67713,1895,6749,17500,19685,1581,13.61
RCT-0118,ADV-0023,1,conversions,media,lookalike,upper,yes,yes,33,carousel,story,bid_cap,DE,low,meta,2026-02-15,2026-03-22,35,1863192,1912191,1683385,49250,45971,52412.11,68041,4353208,49250,2825,5155,7564,16364,2314,6.39
RCT-0119,ADV-0023,1,conversions,travel,prospecting,lower,yes,yes,6,carousel,story,lowest_cost,US,medium,google,2026-02-15,2026-03-08,21,1374415,1486517,984699,27838,24887,245090.35,54019,2779954,27838,788,2744,4728,11603,741,9.76
RCT-0120,ADV-0024,1,conversions,finance,lookalike,lower,no,no,19,carousel,story,lowest_cost,US,medium,tiktok,2026-05-15,2026-06-05,21,1476637,1294944,1343595,39411,27431,81020.7,54307,4579761,39411,1552,4954,7232,14170,1206,12.88
RCT-0121,ADV-0024,1,conversions,finance,retargeting,mid,yes,yes,26,video,reels,cost_cap,UK,medium,google,2026-03-15,2026-04-19,35,2428372,2136872,2029271,49054,36833,104294.81,53765,6802919,49054,3158,5922,10243,10404,2647,5.65
RCT-0122,ADV-0024,1,conversions,ecommerce,retargeting,upper,no,no,7,carousel,story,lowest_cost,US,low,meta,2026-05-15,2026-05-29,14,1804257,1881846,1304790,41793,37120,49765.89,35794,4142867,41793,2876,4468,4539,11763,1244,14.2
RCT-0123,ADV-0024,1,conversions,ecommerce,prospecting,mid,no,no,21,carousel,reels,cost_cap,US,medium,meta,2026-03-15,2026-03-29,14,1451465,1495307,885328,35982,33550,35804.39,56991,4024803,35982,1577,4736,7265,9230,2222,7.88
RCT-0124,ADV-0024,1,conversions,finance,prospecting,upper,yes,yes,53,video,story,bid_cap,ID,low,tiktok,2026-03-15,2026-04-05,21,1836736,1966142,1567208,35188,31076,234501.0,35932,4907178,35188,1928,4591,5501,13041,1465,11.47
RCT-0125,ADV-0025,1,conversions,finance,lookalike,mid,no,yes,14,image,story,lowest_cost,DE,high,tiktok,2026-05-15,2026-06-19,35,861324,751577,553479,18759,14342,94753.97,33880,2824407,18759,1368,2736,3277,5765,1486,4.37
RCT-0126,ADV-0025,1,conversions,ecommerce,retargeting,lower,no,no,29,image,reels,bid_cap,DE,medium,google,2026-01-15,2026-02-12,28,986872,1121369,689203,25160,22641,129890.95,18941,3302923,25160,1093,2677,5030,10046,1555,6.77
RCT-0127,ADV-0025,1,conversions,media,prospecting,lower,no,yes,20,video,reels,bid_cap,US,medium,google,2026-03-15,2026-04-05,21,2736728,2754943,1955331,67345,60812,159357.38,61108,5939974,67345,4123,5208,17834,14543,5434,10.51
RCT-0128,ADV-0025,1,conversions,media,lookalike,lower,yes,no,54,video,reels,lowest_cost,UK,high,meta,2026-01-15,2026-02-19,35,1821016,1990217,1705985,48266,45519,64961.2,45469,3944629,48266,1389,3204,12987,19095,4239,6.39
RCT-0129,ADV-0025,1,conversions,media,prospecting,upper,no,yes,26,image,story,cost_cap,ID,low,google,2026-02-15,2026-03-01,14,2978692,3147182,2196555,88524,81174,113524.4,37608,11413306,88524,5445,7419,8900,22762,7171,11.96
RCT-0130,ADV-0026,1,conversions,media,prospecting,lower,no,yes,39,image,reels,cost_cap,UK,low,tiktok,2026-03-15,2026-03-29,14,1404315,1290849,903346,28703,20841,213112.06,38965,4783357,28703,1169,3188,7709,7567,975,7.02
RCT-0131,ADV-0026,1,conversions,travel,lookalike,lower,no,no,16,video,feed,lowest_cost,UK,medium,google,2026-05-15,2026-06-12,28,1994892,1706884,1422051,37483,27042,180462.55,65830,6327761,37483,1707,3682,4443,12097,2833,15.45
RCT-0132,ADV-0026,1,conversions,ecommerce,lookalike,upper,no,yes,56,image,feed,lowest_cost,ID,low,tiktok,2026-04-15,2026-05-13,28,1957393,1812123,1704762,37618,30583,158472.56,67175,5177694,37618,1915,4568,3956,12560,2703,17.09
RCT-0133,ADV-0026,1,conversions,media,prospecting,upper,no,no,17,carousel,story,cost_cap,UK,medium,meta,2026-03-15,2026-04-12,28,1427584,1529484,1247783,38226,35646,61141.85,18319,5607774,38226,781,5626,9197,13816,1098,12.2
RCT-0134,ADV-0026,1,conversions,travel,retargeting,lower,yes,yes,34,image,story,bid_cap,ID,low,meta,2026-02-15,2026-03-08,21,1691916,1519502,1069566,36481,27013,108035.98,25790,5083164,36481,1035,4976,5736,12345,2064,13.21
RCT-0135,ADV-0027,1,conversions,ecommerce,lookalike,mid,no,no,31,carousel,feed,bid_cap,ID,medium,tiktok,2026-03-15,2026-04-05,21,876895,812339,659716,22621,16817,151522.26,15215,2697949,22621,773,2448,2385,9076,632,10.08
RCT-0136,ADV-0027,1,conversions,finance,prospecting,upper,no,no,59,video,story,bid_cap,ID,low,tiktok,2026-04-15,2026-05-06,21,2100847,1830057,1417473,42329,31055,102876.28,77521,6793472,42329,1566,2336,7730,11403,2258,5.18
RCT-0137,ADV-0027,1,conversions,ecommerce,retargeting,mid,yes,no,4,video,feed,lowest_cost,UK,low,meta,2026-05-15,2026-06-12,28,2879559,2614817,1970116,79078,63555,191467.05,38124,7266169,79078,2807,10553,19828,30172,6343,13.44
RCT-0138,ADV-0027,1,conversions,finance,retargeting,upper,no,no,19,image,story,bid_cap,UK,medium,meta,2026-05-15,2026-06-19,35,1216538,1230733,915066,28401,23242,17440.47,24269,2453227,28401,2051,1856,8177,12716,1034,14.43
RCT-0139,ADV-0027,1,conversions,travel,lookalike,upper,no,yes,15,carousel,reels,cost_cap,DE,high,tiktok,2026-04-15,2026-04-29,14,1251939,1180693,808809,26155,21449,213958.18,40609,4620215,26155,1746,3508,5079,7843,2407,5.05
RCT-0140,ADV-0028,1,conversions,media,prospecting,mid,no,yes,35,image,story,cost_cap,DE,high,tiktok,2026-01-15,2026-02-12,28,2094775,1880472,1622133,48708,38125,205614.7,61553,6027517,48708,3219,3791,13779,15905,1447,6.38
RCT-0141,ADV-0028,1,conversions,finance,prospecting,mid,no,no,20,video,feed,lowest_cost,ID,high,meta,2026-02-15,2026-03-22,35,1654119,1689003,1119873,45022,40488,167224.93,52637,4119535,45022,1607,6357,7262,10357,3665,7.4
RCT-0142,ADV-0028,1,conversions,travel,prospecting,upper,no,yes,58,video,feed,bid_cap,ID,medium,meta,2026-01-15,2026-01-29,14,2283591,2576129,2031185,59194,52222,125990.13,73952,8150887,59194,3057,5427,9574,16472,4884,14.65
RCT-0143,ADV-0028,1,conversions,travel,prospecting,mid,yes,no,13,video,reels,cost_cap,ID,medium,tiktok,2026-05-15,2026-06-12,28,1630201,1749677,1413306,44881,43091,62009.55,51951,6072967,44881,1273,4469,11098,13387,3735,6.01
RCT-0144,ADV-0028,1,conversions,ecommerce,lookalike,lower,yes,yes,12,image,reels,cost_cap,UK,high,tiktok,2026-01-15,2026-02-12,28,1280778,1101868,1168487,34877,26680,216629.1,24096,2855579,34877,1560,3046,5801,11370,1184,14.93
RCT-0145,ADV-0029,1,conversions,finance,retargeting,mid,yes,no,51,carousel,reels,bid_cap,US,high,google,2026-05-15,2026-06-19,35,2620656,2402499,2082799,71743,58223,126103.43,31341,8484737,71743,1458,8600,10388,23146,5277,5.63
RCT-0146,ADV-0029,1,conversions,travel,retargeting,mid,no,no,26,carousel,story,lowest_cost,US,medium,meta,2026-05-15,2026-06-12,28,2745812,2444740,2327634,76455,54480,106054.13,97178,10969888,76455,3556,6269,17003,33050,1867,12.58
RCT-0147,ADV-0029,1,conversions,finance,lookalike,lower,yes,no,20,carousel,story,cost_cap,UK,high,google,2026-02-15,2026-03-15,28,1740297,1912264,1650967,42879,40348,93136.71,47161,4560469,42879,2349,6155,12046,15939,2504,16.21
RCT-0148,ADV-0029,1,conversions,travel,lookalike,upper,yes,yes,41,carousel,story,bid_cap,US,medium,tiktok,2026-05-15,2026-06-05,21,1590070,1558125,1049108,41083,36330,216700.98,38794,4361648,41083,2536,2737,10893,16747,1446,10.5
RCT-0149,ADV-0029,1,conversions,ecommerce,lookalike,upper,no,yes,53,image,reels,cost_cap,DE,high,google,2026-01-15,2026-01-29,14,2324352,2384689,1779457,58316,47868,219051.32,36792,6305290,58316,4246,3181,5977,17639,5661,10.45
RCT-0150,ADV-0030,1,conversions,finance,lookalike,lower,no,no,16,carousel,feed,lowest_cost,ID,high,google,2026-04-15,2026-05-06,21,2261016,2009815,1380476,59808,44605,184028.0,75529,5396972,59808,1474,3263,16437,15215,5295,6.05
RCT-0151,ADV-0030,1,conversions,media,retargeting,upper,no,no,26,image,reels,bid_cap,DE,low,meta,2026-04-15,2026-05-13,28,1750398,1560671,1432633,47644,34261,146625.15,46059,5795986,47644,1379,5908,6727,18566,1983,7.01
RCT-0152,ADV-0030,1,conversions,ecommerce,prospecting,mid,no,yes,31,carousel,reels,lowest_cost,ID,medium,tiktok,2026-03-15,2026-04-05,21,2059920,2338850,1691453,49925,45709,234094.67,22985,5075524,49925,1614,6745,14352,13261,3680,5.95
RCT-0153,ADV-0030,1,conversions,finance,retargeting,upper,yes,no,21,video,story,lowest_cost,ID,low,meta,2026-04-15,2026-04-29,14,938849,1036217,864305,25604,23200,82665.33,23444,2017561,25604,667,2444,4272,9624,1674,14.2
RCT-0154,ADV-0030,1,conversions,finance,retargeting,mid,yes,no,6,carousel,reels,lowest_cost,DE,medium,google,2026-05-15,2026-06-19,35,1189208,1103903,951481,23749,18297,170687.92,34321,4154295,23749,1792,3304,4958,9975,2237,15.16
RCT-0155,ADV-0031,1,conversions,travel,prospecting,mid,no,yes,50,video,story,cost_cap,US,medium,tiktok,2026-01-15,2026-02-19,35,1565638,1625406,1257871,45252,38580,225393.31,38694,4340163,45252,1663,5579,7958,18838,1548,13.53
RCT-0156,ADV-0031,1,conversions,media,retargeting,mid,no,no,46,carousel,feed,lowest_cost,UK,high,tiktok,2026-03-15,2026-04-19,35,2849193,3263507,2580277,75332,68763,31951.49,79704,7688449,75332,4501,7835,11006,15562,3346,14.98
RCT-0157,ADV-0031,1,conversions,travel,prospecting,upper,yes,yes,48,image,story,bid_cap,US,low,meta,2026-03-15,2026-04-12,28,1509074,1698831,1171260,31519,31209,59510.17,20937,5996796,31519,1572,4421,6812,9313,1653,16.67
RCT-0158,ADV-0031,1,conversions,ecommerce,lookalike,mid,no,yes,7,video,story,lowest_cost,UK,high,google,2026-02-15,2026-03-22,35,2340271,2195608,1978655,46693,38955,116798.13,36873,8164230,46693,1491,6433,5647,14959,2938,7.99
RCT-0159,ADV-0031,1,conversions,ecommerce,lookalike,lower,yes,yes,43,video,reels,lowest_cost,DE,high,google,2026-04-15,2026-05-20,35,2411060,2287799,1982411,44156,33170,97010.83,38913,7852641,44156,1507,5614,6309,12966,2533,10.61
RCT-0160,ADV-0032,1,conversions,travel,retargeting,mid,no,no,8,video,reels,cost_cap,UK,low,meta,2026-02-15,2026-03-22,35,2536940,2435887,2168811,57766,43632,242808.26,27382,5740975,57766,1627,7376,6325,23903,5407,15.41
RCT-0161,ADV-0032,1,conversions,finance,prospecting,upper,yes,no,16,video,feed,lowest_cost,US,high,tiktok,2026-05-15,2026-06-05,21,865538,858124,524189,21314,19344,57508.07,32886,1863065,21314,773,1667,6196,6871,1052,11.23
RCT-0162,ADV-0032,1,conversions,media,lookalike,mid,yes,yes,6,video,story,bid_cap,DE,medium,google,2026-04-15,2026-05-13,28,2329237,2167399,1802904,59734,47123,135865.98,32389,6341557,59734,3498,8650,16843,13374,5644,4.38
RCT-0163,ADV-0032,1,conversions,media,prospecting,mid,no,yes,33,video,reels,bid_cap,DE,medium,meta,2026-04-15,2026-05-06,21,2763705,3168780,2086563,53817,55147,225462.55,73607,5747873,53817,2642,5474,10131,16317,1129,12.09
RCT-0164,ADV-0032,1,conversions,media,lookalike,lower,no,yes,4,image,feed,cost_cap,DE,low,meta,2026-02-15,2026-03-22,35,2862901,2564268,2355493,64620,48835,116936.17,78739,11444754,64620,1998,8456,15923,14509,1337,13.48
RCT-0165,ADV-0033,1,conversions,ecommerce,retargeting,lower,yes,yes,26,video,feed,cost_cap,ID,low,google,2026-01-15,2026-02-05,21,1179003,1177377,728799,24079,19949,132914.15,12750,3680485,24079,1253,2440,4275,5629,669,9.12
RCT-0166,ADV-0033,1,conversions,ecommerce,prospecting,lower,no,yes,33,video,story,cost_cap,UK,low,tiktok,2026-01-15,2026-02-05,21,2473435,2804540,2182445,65867,61530,55043.51,31768,7026786,65867,3161,5745,17039,24600,4285,9.93
RCT-0167,ADV-0033,1,conversions,ecommerce,retargeting,mid,no,yes,12,carousel,story,lowest_cost,ID,medium,tiktok,2026-02-15,2026-03-22,35,2882409,3018397,2001712,54355,50610,126563.01,94637,7059750,54355,3175,7999,15905,23178,1658,12.01
RCT-0168,ADV-0033,1,conversions,ecommerce,prospecting,upper,yes,no,18,image,story,cost_cap,DE,low,google,2026-02-15,2026-03-15,28,849668,949281,650250,20224,19114,45026.21,10433,2785199,20224,611,2494,2989,5943,1123,6.81
RCT-0169,ADV-0033,1,conversions,travel,retargeting,upper,yes,no,51,image,feed,cost_cap,ID,medium,meta,2026-02-15,2026-03-08,21,2263341,2599126,2021022,43163,38719,25726.74,89814,6973423,43163,2266,3530,8595,18085,3729,12.42
RCT-0170,ADV-0034,1,conversions,media,prospecting,mid,no,yes,21,video,story,lowest_cost,US,medium,tiktok,2026-05-15,2026-06-05,21,1962170,1696721,1623693,42045,32686,151995.14,51818,5745551,42045,2812,2628,11702,14936,1008,12.49
RCT-0171,ADV-0034,1,conversions,finance,retargeting,lower,no,no,7,carousel,reels,lowest_cost,DE,low,meta,2026-01-15,2026-02-12,28,2157172,2113156,1634453,51798,40685,92553.9,33279,7528845,51798,1768,2717,10339,20982,5145,10.04
RCT-0172,ADV-0034,1,conversions,media,retargeting,lower,yes,no,43,carousel,feed,bid_cap,UK,low,tiktok,2026-01-15,2026-02-12,28,1857655,1934713,1414466,43000,35113,62713.96,59916,5657628,43000,2141,3537,8752,16779,1727,14.21
RCT-0173,ADV-0034,1,conversions,media,prospecting,lower,no,yes,54,carousel,story,lowest_cost,UK,medium,google,2026-04-15,2026-05-20,35,2964498,2727282,2716106,83664,63215,197002.08,35243,8319101,83664,6437,12137,10119,17255,8072,15.43
RCT-0174,ADV-0034,1,conversions,finance,retargeting,upper,no,yes,32,carousel,feed,cost_cap,US,low,tiktok,2026-01-15,2026-02-19,35,2134732,2250209,1650938,58567,49044,139234.49,64993,8299753,58567,3707,8596,8875,25427,2592,14.54
RCT-0175,ADV-0035,1,conversions,travel,retargeting,upper,yes,yes,60,carousel,feed,lowest_cost,DE,high,google,2026-01-15,2026-02-05,21,2055838,2179239,1487631,61344,53042,153630.41,45054,6642188,61344,4668,5924,12264,15946,4173,5.57
RCT-0176,ADV-0035,1,conversions,media,lookalike,mid,no,no,39,video,story,bid_cap,DE,high,meta,2026-03-15,2026-04-19,35,1372297,1254304,995438,26733,19190,224495.84,26802,4269462,26733,1779,2635,4481,8378,908,15.04
RCT-0177,ADV-0035,1,conversions,ecommerce,lookalike,upper,yes,yes,21,carousel,reels,lowest_cost,ID,high,meta,2026-02-15,2026-03-01,14,1922548,2033207,1341525,45425,40889,225409.69,33376,6539454,45425,2064,5213,12778,17025,2012,15.19
RCT-0178,ADV-0035,1,conversions,finance,prospecting,mid,no,no,47,video,reels,bid_cap,ID,medium,meta,2026-04-15,2026-05-13,28,2708382,2857691,1702435,55458,47567,50809.25,75758,7936990,55458,1423,7643,8817,24684,4996,17.65
RCT-0179,ADV-0035,1,conversions,finance,retargeting,mid,yes,yes,54,carousel,feed,lowest_cost,ID,high,meta,2026-03-15,2026-04-19,35,1096503,1053347,953681,25198,20377,42957.89,32325,3954232,25198,1438,3665,6089,5595,823,11.63
RCT-0180,ADV-0036,1,conversions,travel,lookalike,lower,no,no,53,carousel,reels,bid_cap,US,high,meta,2026-04-15,2026-05-13,28,1829848,1720153,1429500,34370,28222,134691.75,65149,3905373,34370,1711,3939,5309,13065,3075,12.98
RCT-0181,ADV-0036,1,conversions,finance,prospecting,mid,no,yes,47,image,feed,cost_cap,ID,medium,meta,2026-02-15,2026-03-01,14,2127498,2034289,1562223,52584,44937,87882.2,31768,5342065,52584,2626,4421,15461,13629,2002,11.47
RCT-0182,ADV-0036,1,conversions,finance,lookalike,mid,yes,yes,37,image,reels,bid_cap,ID,low,meta,2026-01-15,2026-02-19,35,2942071,2882095,1924781,55765,44182,164255.67,107773,6110549,55765,1425,6338,8822,16254,1493,17.54
RCT-0183,ADV-0036,1,conversions,travel,prospecting,lower,yes,no,28,carousel,story,cost_cap,US,high,tiktok,2026-01-15,2026-02-12,28,2567568,2669686,2050518,63102,54226,15205.29,50248,7528136,63102,2856,7978,9037,18247,3947,16.25
RCT-0184,ADV-0036,1,conversions,travel,lookalike,upper,yes,yes,25,image,story,lowest_cost,US,medium,google,2026-03-15,2026-04-19,35,1709018,1618384,1095669,47275,37097,90141.14,24789,5461864,47275,1943,3214,5798,17237,1943,6.89
RCT-0185,ADV-0037,1,conversions,media,retargeting,lower,yes,yes,50,carousel,feed,cost_cap,ID,low,tiktok,2026-01-15,2026-02-19,35,1894079,1909446,1203823,53401,43993,128588.03,48524,3817156,53401,1517,2952,6865,19688,3114,17.89
RCT-0186,ADV-0037,1,conversions,travel,lookalike,upper,no,yes,34,carousel,reels,cost_cap,US,low,google,2026-02-15,2026-03-15,28,2012887,1758222,1361145,53751,38422,125113.38,28141,6749523,53751,1254,7016,12273,19294,3523,14.46
RCT-0187,ADV-0037,1,conversions,finance,lookalike,lower,no,yes,56,carousel,feed,cost_cap,UK,medium,meta,2026-02-15,2026-03-01,14,915730,876154,628740,26437,21000,20556.58,12189,3225751,26437,1796,3516,5993,10205,1029,12.67
RCT-0188,ADV-0037,1,conversions,finance,prospecting,upper,no,yes,33,video,reels,cost_cap,US,high,tiktok,2026-04-15,2026-05-06,21,1755572,1584451,1178573,43508,32087,246308.34,18721,5934840,43508,1624,4895,11705,11872,2070,15.87
RCT-0189,ADV-0037,1,conversions,media,retargeting,upper,yes,no,25,image,feed,bid_cap,ID,high,meta,2026-05-15,2026-05-29,14,2139910,1853766,1970086,39643,27171,203465.71,67863,7213834,39643,2140,2827,7400,11585,2748,8.2
RCT-0190,ADV-0038,1,conversions,travel,retargeting,lower,no,yes,29,video,story,bid_cap,DE,low,meta,2026-01-15,2026-02-19,35,1602488,1544265,1260524,40546,31154,66519.68,50137,3600956,40546,1250,3622,8080,18026,1124,9.04
RCT-0191,ADV-0038,1,conversions,ecommerce,lookalike,mid,yes,yes,24,video,feed,cost_cap,UK,high,google,2026-05-15,2026-06-12,28,2255468,2419202,1769988,51875,50934,18104.02,89551,6243833,51875,2202,4798,8826,13627,1540,14.88
RCT-0192,ADV-0038,1,conversions,travel,prospecting,upper,yes,no,39,image,reels,bid_cap,US,high,tiktok,2026-03-15,2026-03-29,14,1072845,914082,898266,28290,20770,157544.1,17100,3480950,28290,1322,3410,3857,9285,2298,7.32
RCT-0193,ADV-0038,1,conversions,ecommerce,prospecting,upper,no,no,60,video,story,bid_cap,DE,low,tiktok,2026-03-15,2026-04-19,35,2805599,3021824,2489158,83601,78336,109021.13,30417,8524660,83601,6257,8308,9851,17028,7039,9.74
RCT-0194,ADV-0038,1,conversions,media,lookalike,mid,no,yes,10,carousel,story,bid_cap,US,high,tiktok,2026-04-15,2026-05-06,21,1389958,1217923,1211358,38943,27404,214695.67,25264,2797589,38943,2053,5629,4019,8431,1626,13.16
RCT-0195,ADV-0039,1,conversions,travel,retargeting,mid,yes,no,12,image,reels,lowest_cost,US,high,meta,2026-01-15,2026-02-05,21,2014694,2051723,1780854,36682,29255,138538.89,21324,7597263,36682,1720,3978,8446,13084,3034,8.5
RCT-0196,ADV-0039,1,conversions,ecommerce,retargeting,mid,yes,yes,41,video,feed,lowest_cost,UK,low,tiktok,2026-01-15,2026-02-05,21,1571573,1576937,1203305,47053,37399,241805.72,17182,5131695,47053,1554,6263,5154,10475,3624,13.62
RCT-0197,ADV-0039,1,conversions,travel,retargeting,lower,no,no,10,image,reels,cost_cap,DE,medium,google,2026-04-15,2026-05-20,35,1366939,1531269,1246059,28246,27603,158538.65,28846,5040754,28246,601,2955,4638,6281,2507,8.45
RCT-0198,ADV-0039,1,conversions,ecommerce,prospecting,lower,no,yes,10,video,reels,cost_cap,UK,high,tiktok,2026-03-15,2026-04-19,35,823669,803684,774034,21975,17680,248841.48,32719,2753486,21975,932,2285,5093,4499,870,12.96
RCT-0199,ADV-0039,1,conversions,ecommerce,lookalike,mid,yes,no,8,video,story,bid_cap,UK,high,google,2026-04-15,2026-05-06,21,1720896,1921813,1172508,34268,34334,28946.91,43718,5449405,34268,895,2446,10172,8218,1162,16.7
RCT-0200,ADV-0040,1,conversions,ecommerce,retargeting,lower,yes,yes,21,carousel,story,cost_cap,ID,medium,tiktok,2026-02-15,2026-03-01,14,1020007,1088930,907491,24141,20333,215639.93,23196,3309273,24141,1226,3345,2425,7261,2405,17.5
RCT-0201,ADV-0040,1,conversions,finance,lookalike,mid,no,yes,13,video,reels,cost_cap,UK,high,tiktok,2026-04-15,2026-04-29,14,1010307,1017603,820491,20867,18930,68073.01,13910,3757097,20867,1654,2837,4664,8847,1666,6.0
RCT-0202,ADV-0040,1,conversions,media,prospecting,mid,yes,yes,40,image,reels,lowest_cost,DE,medium,meta,2026-01-15,2026-02-19,35,1322611,1135000,930320,24922,17067,228293.8,23549,3277588,24922,1524,3420,5953,6205,2292,15.07
RCT-0203,ADV-0040,1,conversions,finance,prospecting,mid,no,no,42,video,story,bid_cap,US,medium,google,2026-05-15,2026-06-12,28,861382,764989,733284,20339,14152,153244.14,33058,3290214,20339,813,1383,3321,5208,587,5.23
RCT-0204,ADV-0040,1,conversions,travel,retargeting,upper,yes,no,21,video,story,cost_cap,ID,low,tiktok,2026-01-15,2026-02-12,28,1973778,1863967,1402433,44940,36007,196015.69,43148,6867282,44940,2712,6425,12044,15940,3995,4.93
RCT-0205,ADV-0041,1,conversions,media,prospecting,lower,no,yes,15,image,story,bid_cap,US,medium,meta,2026-04-15,2026-04-29,14,2133092,1886534,1638691,55859,43413,72985.38,84533,8231299,55859,1726,5279,8800,17435,1963,11.4
RCT-0206,ADV-0041,1,conversions,media,prospecting,upper,no,yes,46,video,story,lowest_cost,US,medium,google,2026-04-15,2026-05-20,35,1068302,1014143,933448,31860,26745,123126.29,28036,4214532,31860,2500,4048,8153,13866,2682,9.43
RCT-0207,ADV-0041,1,conversions,ecommerce,prospecting,lower,no,no,60,video,reels,lowest_cost,ID,low,google,2026-04-15,2026-04-29,14,2487959,2284135,1867116,63541,47698,105606.26,33512,7780605,63541,3797,6275,17408,13513,1965,6.1
RCT-0208,ADV-0041,1,conversions,finance,lookalike,lower,no,no,57,image,feed,bid_cap,DE,medium,tiktok,2026-01-15,2026-02-12,28,2746066,2905288,2491498,74520,66411,86048.3,91376,8864483,74520,2386,7654,12611,31765,4619,15.02
RCT-0209,ADV-0041,1,conversions,ecommerce,prospecting,lower,yes,no,26,image,feed,bid_cap,UK,low,meta,2026-02-15,2026-03-08,21,2186478,2058161,1442408,42480,33030,58683.69,79739,7824736,42480,1764,5113,7572,8608,1522,16.71
RCT-0210,ADV-0042,1,conversions,ecommerce,prospecting,mid,no,yes,19,carousel,reels,cost_cap,UK,low,google,2026-04-15,2026-05-20,35,1269440,1134538,959069,23086,17391,201926.03,38520,4989990,23086,686,1155,4608,6117,1301,4.68
RCT-0211,ADV-0042,1,conversions,media,prospecting,mid,yes,no,3,image,reels,cost_cap,US,high,meta,2026-01-15,2026-02-12,28,2717652,2776172,1725008,67801,57667,130532.11,44871,9759687,67801,4533,6973,12031,15383,5631,11.5
RCT-0212,ADV-0042,1,conversions,travel,prospecting,upper,yes,no,5,video,story,cost_cap,ID,medium,meta,2026-05-15,2026-06-05,21,852742,892596,591260,22653,19197,238573.8,30246,3300518,22653,753,1950,2943,6538,927,13.06
RCT-0213,ADV-0042,1,conversions,media,lookalike,mid,yes,no,12,image,story,bid_cap,ID,low,google,2026-01-15,2026-01-29,14,2278884,2347638,1640303,55797,47185,55530.78,54013,8436447,55797,3914,8247,5974,12290,4256,13.3
RCT-0214,ADV-0042,1,conversions,travel,prospecting,lower,yes,no,13,image,story,lowest_cost,UK,medium,google,2026-04-15,2026-05-13,28,2614029,2358830,1903584,54796,43984,98056.38,33875,5514034,54796,2878,4912,8439,20773,4671,6.77
RCT-0215,ADV-0043,1,conversions,ecommerce,prospecting,mid,yes,yes,53,image,story,cost_cap,DE,high,meta,2026-02-15,2026-03-22,35,1722345,1729812,1202756,42947,39667,221795.24,46553,6651300,42947,1820,6353,7251,18604,3323,11.66
RCT-0216,ADV-0043,1,conversions,ecommerce,retargeting,lower,yes,yes,15,video,story,lowest_cost,ID,high,google,2026-03-15,2026-04-19,35,2566782,2383000,1586870,56483,42403,166309.28,41361,8841947,56483,2774,6476,16150,20923,3203,17.25
RCT-0217,ADV-0043,1,conversions,travel,retargeting,mid,no,yes,33,image,story,bid_cap,ID,low,tiktok,2026-01-15,2026-02-12,28,1974123,2145916,1531720,46284,42200,234046.12,50640,4634110,46284,3248,2678,12117,18672,3497,12.02
RCT-0218,ADV-0043,1,conversions,ecommerce,prospecting,upper,no,yes,49,carousel,reels,bid_cap,UK,low,tiktok,2026-05-15,2026-06-05,21,1772593,1965321,1511359,35528,31628,153406.98,30352,5204819,35528,1647,2311,5960,7902,2908,16.48
RCT-0219,ADV-0043,1,conversions,travel,prospecting,upper,no,yes,15,video,story,bid_cap,US,medium,tiktok,2026-04-15,2026-04-29,14,1430706,1270886,995106,29061,20812,41002.88,32022,5530582,29061,1116,2414,6463,9400,1272,6.82
RCT-0220,ADV-0044,1,conversions,media,lookalike,lower,yes,no,9,video,reels,bid_cap,DE,medium,tiktok,2026-05-15,2026-05-29,14,927482,1057315,599320,22811,23829,173986.31,23834,2383868,22811,1603,2412,3519,9595,1699,10.44
RCT-0221,ADV-0044,1,conversions,ecommerce,prospecting,lower,no,yes,60,image,reels,cost_cap,UK,low,tiktok,2026-01-15,2026-02-19,35,1444843,1423165,1276302,36636,29738,225334.89,46130,4474659,36636,2034,3016,7513,13196,2878,8.89
RCT-0222,ADV-0044,1,conversions,travel,prospecting,upper,no,no,51,carousel,reels,bid_cap,ID,low,google,2026-04-15,2026-05-13,28,2063827,1950320,1705213,58532,48888,213538.89,25632,7424553,58532,2896,8557,6877,14059,1262,7.58
RCT-0223,ADV-0044,1,conversions,finance,retargeting,upper,yes,no,41,image,feed,lowest_cost,DE,medium,google,2026-02-15,2026-03-15,28,1361670,1345059,1197195,35537,31034,55898.4,49713,5269849,35537,791,3125,8312,12472,1687,4.17
RCT-0224,ADV-0044,1,conversions,ecommerce,prospecting,mid,yes,yes,17,video,story,cost_cap,ID,low,meta,2026-05-15,2026-06-05,21,1899170,1855300,1463488,43870,38227,193369.96,61259,5484366,43870,2023,5074,10330,18150,3238,5.99
RCT-0225,ADV-0045,1,conversions,ecommerce,retargeting,lower,yes,no,19,image,reels,bid_cap,US,low,tiktok,2026-04-15,2026-04-29,14,1299343,1146825,1038007,32980,25120,113253.29,21718,5183665,32980,1092,3110,7739,14799,3135,15.08
RCT-0226,ADV-0045,1,conversions,finance,prospecting,lower,yes,yes,6,video,story,lowest_cost,UK,high,google,2026-01-15,2026-02-05,21,1459196,1494418,1188967,31040,26884,30784.9,27218,3391602,31040,1265,2699,4083,8854,2829,15.43
RCT-0227,ADV-0045,1,conversions,media,retargeting,upper,no,no,48,carousel,reels,lowest_cost,US,low,tiktok,2026-03-15,2026-04-12,28,1201171,1311754,1033605,34736,31495,220017.42,47515,4576504,34736,2172,4294,4075,13515,3048,6.21
RCT-0228,ADV-0045,1,conversions,media,retargeting,upper,no,no,40,carousel,feed,cost_cap,ID,low,google,2026-03-15,2026-03-29,14,2983994,2996432,2536959,63278,50461,138775.98,42561,6560382,63278,3544,4338,16010,16601,1777,10.81
RCT-0229,ADV-0045,1,conversions,finance,retargeting,upper,no,no,43,video,feed,bid_cap,ID,medium,tiktok,2026-05-15,2026-06-12,28,2625194,2980931,2221418,73717,66853,142256.26,45301,9206124,73717,3152,7625,8686,18172,1507,7.35
RCT-0230,ADV-0046,1,conversions,travel,retargeting,upper,no,no,35,image,reels,bid_cap,DE,high,google,2026-03-15,2026-04-12,28,1908211,1987266,1322335,41468,34207,186314.03,69985,4250584,41468,2769,4709,7316,8296,3013,4.44
RCT-0231,ADV-0046,1,conversions,media,prospecting,upper,no,yes,59,image,feed,lowest_cost,UK,high,meta,2026-03-15,2026-04-19,35,2493511,2707415,1553893,73038,68597,57441.36,85360,6453740,73038,4009,4060,17281,28598,3382,17.46
RCT-0232,ADV-0046,1,conversions,media,retargeting,upper,yes,no,52,video,feed,bid_cap,ID,low,tiktok,2026-02-15,2026-03-22,35,1082867,960640,681267,32066,24151,179963.06,32913,3860461,32066,1984,2386,9266,9162,1434,15.95
RCT-0233,ADV-0046,1,conversions,finance,prospecting,lower,no,yes,60,video,reels,cost_cap,UK,high,tiktok,2026-02-15,2026-03-08,21,2547569,2741474,1691961,72417,67388,94914.69,60179,5862118,72417,1450,10294,7513,18034,6612,11.7
RCT-0234,ADV-0046,1,conversions,finance,retargeting,mid,no,no,34,carousel,feed,cost_cap,DE,medium,tiktok,2026-03-15,2026-03-29,14,2616909,2909910,1642712,48256,44578,146574.9,49724,9114513,48256,3838,4585,13323,16091,2092,6.48
RCT-0235,ADV-0047,1,conversions,travel,lookalike,lower,no,no,13,video,feed,bid_cap,ID,high,tiktok,2026-02-15,2026-03-01,14,2278824,2066115,1513027,68318,53546,63792.75,78873,7473184,68318,3180,3882,7567,24912,3435,16.29
RCT-0236,ADV-0047,1,conversions,finance,prospecting,mid,no,no,17,image,feed,cost_cap,DE,medium,google,2026-05-15,2026-06-12,28,2875902,2803688,2354586,80263,67994,141895.83,88051,6796365,80263,1645,7269,12177,29886,5109,7.42
RCT-0237,ADV-0047,1,conversions,finance,retargeting,mid,yes,no,30,carousel,reels,lowest_cost,ID,low,tiktok,2026-01-15,2026-01-29,14,1247579,1377144,1026506,31887,28880,22395.95,18051,4102710,31887,1326,3946,4095,6594,2923,16.26
RCT-0238,ADV-0047,1,conversions,media,prospecting,lower,no,yes,20,video,feed,bid_cap,US,high,meta,2026-02-15,2026-03-22,35,2860489,2673554,2029674,63287,53195,221819.98,32184,10529333,63287,2765,4098,8154,13948,2835,15.37
RCT-0239,ADV-0047,1,conversions,media,lookalike,upper,yes,yes,27,video,story,cost_cap,ID,low,meta,2026-03-15,2026-04-12,28,2325783,2535824,1529235,65685,60398,192935.33,91784,4772532,65685,2548,3482,12713,15417,5803,13.29
RCT-0240,ADV-0048,1,conversions,finance,retargeting,lower,yes,no,11,carousel,story,lowest_cost,ID,high,meta,2026-02-15,2026-03-22,35,978564,879012,820337,27584,20920,52374.02,9932,2135846,27584,821,2897,4913,12207,2142,13.19
RCT-0241,ADV-0048,1,conversions,media,lookalike,upper,yes,no,41,image,story,bid_cap,US,low,tiktok,2026-04-15,2026-04-29,14,2711730,3105591,2344645,71825,65701,229308.88,27490,7911664,71825,5620,4780,14915,14452,2007,15.2
RCT-0242,ADV-0048,1,conversions,media,retargeting,upper,no,no,12,carousel,reels,bid_cap,UK,high,meta,2026-01-15,2026-01-29,14,944136,1057877,804045,18640,19132,155576.76,12509,2682296,18640,958,1920,4307,6749,709,15.08
RCT-0243,ADV-0048,1,conversions,finance,retargeting,mid,no,no,40,image,feed,lowest_cost,ID,medium,google,2026-04-15,2026-05-13,28,1251191,1417048,842132,33389,33852,240052.3,18764,2595884,33389,1033,3447,7415,7304,1578,16.94
RCT-0244,ADV-0048,1,conversions,finance,prospecting,lower,yes,no,15,image,story,cost_cap,DE,low,google,2026-03-15,2026-03-29,14,1782986,1594861,1314078,38323,29327,83335.85,66966,4564128,38323,913,4079,11268,10188,2525,9.37
RCT-0245,ADV-0049,1,conversions,media,retargeting,mid,no,no,16,carousel,feed,cost_cap,DE,high,google,2026-04-15,2026-05-06,21,2520513,2711830,1591801,54288,51552,121764.17,65978,5516904,54288,1424,5253,5585,22093,2271,6.32
RCT-0246,ADV-0049,1,conversions,finance,lookalike,mid,no,yes,33,video,feed,bid_cap,US,medium,google,2026-05-15,2026-06-12,28,1680594,1870932,1087429,33294,31372,208086.23,38485,6669164,33294,2249,3038,9919,8828,1459,14.47
RCT-0247,ADV-0049,1,conversions,finance,lookalike,lower,no,no,50,video,reels,lowest_cost,UK,high,meta,2026-03-15,2026-04-12,28,1789564,1810600,1268097,39618,34652,163102.68,55337,5295089,39618,2764,3811,6614,8678,1701,6.69
RCT-0248,ADV-0049,1,conversions,travel,lookalike,mid,no,no,60,carousel,reels,lowest_cost,UK,low,tiktok,2026-05-15,2026-05-29,14,1866217,1588350,1702477,40232,26725,247242.03,24678,4275069,40232,1782,3732,7292,15072,3647,6.72
RCT-0249,ADV-0049,1,conversions,travel,prospecting,lower,yes,yes,33,video,reels,lowest_cost,ID,low,meta,2026-01-15,2026-02-19,35,2683079,2353212,1820818,68281,49729,220093.2,46123,6337917,68281,1856,3907,18894,27511,2557,4.2
CMP-0000,ADV-0000,0,conversions,ecommerce,retargeting,lower,no,no,55,carousel,feed,bid_cap,DE,high,google,2026-01-15,2026-02-12,28,2358580,0,1649627,61838,0,242350.81,52789,5471642,61838,2649,7079,16928,14697,5516,16.25
CMP-0001,ADV-0000,0,conversions,finance,retargeting,lower,no,no,25,carousel,reels,bid_cap,US,low,tiktok,2026-01-15,2026-02-12,28,833767,0,741355,15195,0,23341.35,32442,2656642,15195,477,1636,1596,5201,952,9.87
CMP-0002,ADV-0000,0,conversions,ecommerce,prospecting,lower,no,no,42,image,story,bid_cap,ID,low,meta,2026-01-15,2026-01-29,14,2200989,0,1977228,55228,0,74210.94,63906,5543891,55228,1766,2850,12675,22111,4328,8.03
CMP-0003,ADV-0000,0,conversions,travel,retargeting,lower,no,no,25,image,story,cost_cap,DE,high,meta,2026-04-15,2026-05-13,28,802498,0,535231,20622,0,182550.73,26605,2087361,20622,473,2519,4778,8584,1025,13.41
CMP-0004,ADV-0000,0,conversions,media,lookalike,mid,yes,yes,30,video,feed,cost_cap,US,low,google,2026-01-15,2026-02-05,21,1095821,0,1017141,23145,0,176098.18,24146,2829161,23145,796,1200,6941,7060,1372,11.81
CMP-0005,ADV-0001,0,conversions,travel,lookalike,lower,no,no,59,carousel,story,bid_cap,ID,medium,tiktok,2026-03-15,2026-04-19,35,1771900,0,1186146,46730,0,79178.56,26359,4167938,46730,3734,2640,11062,16330,3534,4.2
CMP-0006,ADV-0001,0,conversions,media,lookalike,lower,yes,no,26,image,reels,cost_cap,ID,medium,tiktok,2026-02-15,2026-03-15,28,2661519,0,1815811,58166,0,36577.73,80405,7175311,58166,1611,4559,15355,17448,5056,4.98
CMP-0007,ADV-0001,0,conversions,media,prospecting,lower,no,yes,18,image,reels,lowest_cost,US,medium,meta,2026-01-15,2026-02-05,21,975276,0,649929,23491,0,199150.05,28176,3184751,23491,750,1877,5758,5106,1454,6.26
CMP-0008,ADV-0001,0,conversions,finance,lookalike,upper,no,yes,27,carousel,reels,lowest_cost,ID,low,google,2026-03-15,2026-04-12,28,1488153,0,1126241,34374,0,134990.63,43799,3709665,34374,1607,3965,6977,11553,937,15.13
CMP-0009,ADV-0001,0,conversions,finance,retargeting,lower,no,yes,29,image,story,bid_cap,UK,medium,google,2026-05-15,2026-06-19,35,1966794,0,1765578,40773,0,161979.76,68637,4288952,40773,2159,3140,9889,8801,1941,11.91
CMP-0010,ADV-0002,0,conversions,media,lookalike,upper,yes,no,35,carousel,reels,lowest_cost,US,medium,google,2026-01-15,2026-01-29,14,2787351,0,2431995,68829,0,210502.06,76222,5811552,68829,4884,8276,20228,14203,2901,12.88
CMP-0011,ADV-0002,0,conversions,finance,prospecting,lower,yes,yes,46,video,reels,lowest_cost,US,low,meta,2026-01-15,2026-02-19,35,2605975,0,2386734,61774,0,160998.07,39066,5245492,61774,2973,3204,10836,26699,5261,7.11
CMP-0012,ADV-0002,0,conversions,travel,prospecting,mid,no,yes,46,image,story,cost_cap,DE,high,tiktok,2026-03-15,2026-04-19,35,1517074,0,1043817,33749,0,188948.3,49651,5032859,33749,2063,2818,5016,9429,2835,13.09
CMP-0013,ADV-0002,0,conversions,ecommerce,retargeting,lower,yes,no,4,carousel,reels,bid_cap,DE,high,google,2026-04-15,2026-05-20,35,1633938,0,1161646,40913,0,170656.03,18222,5476004,40913,1297,4275,5508,8371,1650,15.48
CMP-0014,ADV-0002,0,conversions,finance,lookalike,lower,yes,no,26,carousel,reels,bid_cap,DE,low,meta,2026-01-15,2026-02-05,21,1297783,0,1164266,26815,0,102252.82,43846,4764096,26815,1118,3491,7853,7949,1751,17.44
CMP-0015,ADV-0003,0,conversions,media,retargeting,upper,no,yes,53,image,reels,lowest_cost,DE,high,meta,2026-04-15,2026-05-13,28,2056970,0,1562343,37121,0,17769.25,70880,5681827,37121,2855,2809,7409,9920,1433,10.89
CMP-0016,ADV-0003,0,conversions,media,retargeting,upper,no,no,27,image,reels,lowest_cost,US,medium,google,2026-02-15,2026-03-22,35,998154,0,605840,25287,0,249919.58,10333,3668412,25287,826,2675,4744,6395,2005,8.69
CMP-0017,ADV-0003,0,conversions,ecommerce,lookalike,upper,no,no,53,video,story,cost_cap,ID,low,tiktok,2026-03-15,2026-03-29,14,823474,0,738558,19982,0,144501.67,28328,2619429,19982,759,1854,3145,4827,417,14.99
CMP-0018,ADV-0003,0,conversions,travel,lookalike,upper,no,no,7,carousel,story,bid_cap,ID,low,tiktok,2026-02-15,2026-03-01,14,2368049,0,1846433,48431,0,67659.01,68075,8720168,48431,2450,3140,9301,16405,1219,6.09
CMP-0019,ADV-0003,0,conversions,travel,lookalike,lower,no,yes,56,video,story,cost_cap,UK,high,google,2026-03-15,2026-04-19,35,1546204,0,1378074,39660,0,99073.21,57147,3744245,39660,2577,2475,8829,17596,2934,16.11
CMP-0020,ADV-0004,0,conversions,ecommerce,prospecting,lower,yes,yes,51,image,story,bid_cap,ID,medium,google,2026-03-15,2026-04-12,28,2111273,0,1629900,40724,0,224244.22,65079,8149396,40724,2551,5696,11936,8927,2334,7.34
CMP-0021,ADV-0004,0,conversions,ecommerce,lookalike,upper,yes,yes,41,image,reels,bid_cap,ID,low,meta,2026-02-15,2026-03-15,28,2548253,0,2210915,47256,0,215132.61,56118,8396830,47256,1787,4186,7138,13654,4541,17.37
CMP-0022,ADV-0004,0,conversions,travel,prospecting,mid,yes,no,58,carousel,feed,cost_cap,ID,medium,google,2026-05-15,2026-06-12,28,2520384,0,1627769,67558,0,201483.5,54330,8895648,67558,1788,9332,7518,23533,4576,13.91
CMP-0023,ADV-0004,0,conversions,travel,lookalike,upper,yes,yes,33,image,feed,cost_cap,ID,high,meta,2026-04-15,2026-05-20,35,2086248,0,1390175,56648,0,53120.34,41556,6955427,56648,2563,3624,11453,23251,4058,5.64
CMP-0024,ADV-0004,0,conversions,finance,retargeting,upper,yes,no,21,carousel,feed,cost_cap,DE,low,google,2026-02-15,2026-03-15,28,1160674,0,1008281,21489,0,90361.84,19887,4202001,21489,550,2576,2592,4514,813,12.28
CMP-0025,ADV-0005,0,conversions,media,prospecting,lower,no,no,5,video,reels,cost_cap,DE,high,meta,2026-05-15,2026-06-19,35,1266954,0,1113145,31011,0,204078.41,20650,4804365,31011,1983,2546,4155,11906,1157,14.42
CMP-0026,ADV-0005,0,conversions,travel,retargeting,mid,yes,yes,33,image,story,lowest_cost,UK,medium,tiktok,2026-03-15,2026-04-19,35,2851235,0,1982580,65094,0,125771.21,54860,9499443,65094,2478,8918,9966,15443,3432,10.17
CMP-0027,ADV-0005,0,conversions,finance,lookalike,lower,yes,yes,9,carousel,story,cost_cap,UK,medium,google,2026-04-15,2026-04-29,14,2033389,0,1536727,41456,0,247242.63,71086,7884303,41456,2755,5652,9250,18238,2124,5.69
CMP-0028,ADV-0005,0,conversions,media,lookalike,mid,yes,yes,35,video,reels,lowest_cost,DE,medium,meta,2026-02-15,2026-03-01,14,2647639,0,1982379,60521,0,96714.28,30516,6778930,60521,4059,6536,10489,13729,4782,9.31
CMP-0029,ADV-0005,0,conversions,media,prospecting,lower,no,yes,3,image,feed,cost_cap,DE,low,tiktok,2026-04-15,2026-05-06,21,2355629,0,1480875,55022,0,31049.47,66122,6845631,55022,2569,5320,10788,17720,2699,10.34
CMP-0030,ADV-0006,0,conversions,ecommerce,retargeting,upper,no,no,49,image,feed,lowest_cost,UK,low,google,2026-03-15,2026-04-19,35,958746,0,713220,20576,0,130055.31,19971,2930552,20576,806,1881,5687,5968,647,7.57
CMP-0031,ADV-0006,0,conversions,travel,retargeting,upper,yes,yes,22,image,story,lowest_cost,UK,medium,meta,2026-05-15,2026-06-05,21,2304180,0,1739465,52737,0,226830.66,40431,8789420,52737,1215,7056,13572,18444,3258,6.45
CMP-0032,ADV-0006,0,conversions,media,prospecting,lower,no,yes,57,image,feed,cost_cap,DE,low,meta,2026-02-15,2026-03-01,14,1199254,0,1065162,31665,0,36886.06,35903,4432865,31665,879,4306,3444,6741,3147,16.66
CMP-0033,ADV-0006,0,conversions,finance,lookalike,upper,yes,no,22,image,reels,bid_cap,DE,low,meta,2026-03-15,2026-04-19,35,1808622,0,1584903,36044,0,173579.96,28067,6625964,36044,1156,4137,9721,9228,1051,14.22
CMP-0034,ADV-0006,0,conversions,media,prospecting,upper,yes,no,30,carousel,story,bid_cap,ID,low,meta,2026-05-15,2026-06-05,21,1076141,0,904149,29835,0,165469.58,18499,3730126,29835,1723,4265,4686,10530,850,10.59
CMP-0035,ADV-0007,0,conversions,travel,retargeting,upper,no,yes,30,carousel,story,cost_cap,US,high,tiktok,2026-04-15,2026-05-06,21,1368658,0,1010499,30278,0,225442.32,18641,4360514,30278,703,4460,5526,8145,1244,16.43
CMP-0036,ADV-0007,0,conversions,ecommerce,retargeting,lower,no,no,28,video,reels,cost_cap,US,low,tiktok,2026-03-15,2026-04-12,28,2307042,0,1610767,59715,0,231031.78,65430,5961306,59715,2117,8757,12980,21215,5225,8.2
CMP-0037,ADV-0007,0,conversions,media,prospecting,mid,no,yes,20,image,reels,lowest_cost,ID,high,meta,2026-01-15,2026-02-05,21,2215296,0,1526775,61662,0,143770.55,55413,7383892,61662,2942,9211,8807,16462,5722,14.45
CMP-0038,ADV-0007,0,conversions,finance,prospecting,mid,yes,yes,19,carousel,story,cost_cap,DE,low,google,2026-01-15,2026-02-19,35,2132534,0,1985551,58027,0,67713.02,29184,7178239,58027,2618,8064,6729,20713,4459,10.88
CMP-0039,ADV-0007,0,conversions,media,prospecting,upper,no,yes,31,carousel,story,cost_cap,US,medium,tiktok,2026-01-15,2026-02-05,21,1145817,0,935504,29514,0,160285.77,35558,2332462,29514,1773,4178,6949,8829,1985,4.31
CMP-0040,ADV-0008,0,conversions,media,lookalike,upper,yes,yes,20,image,feed,lowest_cost,ID,high,tiktok,2026-05-15,2026-05-29,14,2578530,0,2321974,56384,0,198053.32,43637,8473339,56384,3723,6988,8291,16772,3648,11.22
CMP-0041,ADV-0008,0,conversions,finance,lookalike,mid,no,yes,31,video,reels,cost_cap,ID,low,tiktok,2026-03-15,2026-04-05,21,2621617,0,2260324,57170,0,119156.84,89163,10006625,57170,2574,7148,10641,20015,2905,10.25
CMP-0042,ADV-0008,0,conversions,media,lookalike,mid,yes,no,30,image,feed,bid_cap,DE,high,meta,2026-03-15,2026-04-05,21,2949440,0,1780057,75128,0,167998.76,36500,6326031,75128,5165,8360,11316,17179,2873,8.05
CMP-0043,ADV-0008,0,conversions,ecommerce,prospecting,mid,no,yes,54,video,feed,cost_cap,UK,low,meta,2026-03-15,2026-04-19,35,2982464,0,2283055,55693,0,95798.77,73159,8866857,55693,1464,8062,9748,16586,4165,17.37
CMP-0044,ADV-0008,0,conversions,media,prospecting,upper,yes,yes,50,image,feed,cost_cap,US,low,tiktok,2026-03-15,2026-04-12,28,2431523,0,1789385,49870,0,37040.26,54243,8319799,49870,2104,6363,6030,18423,2379,6.6
CMP-0045,ADV-0009,0,conversions,ecommerce,lookalike,lower,yes,no,7,video,reels,bid_cap,US,low,tiktok,2026-03-15,2026-03-29,14,2728069,0,1867022,69460,0,132763.26,70140,9197855,69460,3649,3688,11975,24282,2064,16.18
CMP-0046,ADV-0009,0,conversions,media,retargeting,upper,yes,yes,22,image,feed,cost_cap,DE,high,google,2026-02-15,2026-03-15,28,2218148,0,2094775,60973,0,130002.11,59494,5300820,60973,1637,4385,7725,18971,3428,12.36
CMP-0047,ADV-0009,0,conversions,ecommerce,lookalike,mid,no,no,21,image,reels,cost_cap,UK,low,tiktok,2026-01-15,2026-02-12,28,1063892,0,644829,29556,0,248439.45,23538,3549728,29556,892,2905,6116,11672,1467,14.88
CMP-0048,ADV-0009,0,conversions,ecommerce,retargeting,lower,yes,no,13,carousel,feed,cost_cap,DE,high,google,2026-05-15,2026-06-19,35,2189730,0,1936891,65525,0,38983.24,56279,8028732,65525,3350,7995,17011,17010,3445,12.29
CMP-0049,ADV-0009,0,conversions,finance,lookalike,upper,no,yes,8,video,story,lowest_cost,DE,medium,tiktok,2026-03-15,2026-04-12,28,1545216,0,1086650,43517,0,157750.92,53821,3110435,43517,1609,2903,9025,17075,2205,5.08
